Molecular formula,LLM answer,True answer,Correct?
C7H14O2,Methyl Pentanoate,Diethyl malonate,No
C12H26,Dodecane,"Heptane, 2,2,4,6,6-pentamethyl-",No
C8H8O2,Phthalic acid,"Benzoic acid, methyl ester",No
C6H11NO2,2-hydroxypyrrolidin-1-one,"Cyclopentanecarboxylic acid, 1-amino-",No
C5H12,Pentane,"Butane, 2-methyl-",No
C7H16,Heptane,"Hexane, 2-methyl-",No
C8H10,"1-isopropyl-3,4-dimethylbenzene","Benzene, 1,3-dimethyl-",No
C9H18O ,Nonanal,Nonanol,No
C6H14,"2,2,3,3-Tetramethylbutane","Pentane, 2-methyl-",No
C8H18 ,Octane,"Pentane, 2,2,4-trimethyl-",No
C14H14O3,"2,2-dimethyl-1,3-diphenylpropane-1,3-dione",Naproxen,No
C6H10,1-Methylcyclopentene,"1,3-Butadiene, 2,3-dimethyl-",No
C4H8O,Butan-2-ol,Butanal,No
C6H6O2,Salicylic Acid,"2-Furancarboxaldehyde, 5-methyl-",No
C13H18O2,2-ethylhexyl acrylate,ibuprofen,No
C7H7NO,Benzamide,"Acetamide, N-methyl-",No
C6H12O2,Butyl Acetate,"Acetic acid, butyl ester",Yes
C8H10O2,Ethyl benzene,"1,2-Ethanediol, 1-phenyl-",No
C2H6O,Ethanol,"Ethanol',Yes
